{"pages":["custom.png"],"chars":[{"id":22478,"index":1469,"char":"城","width":46,"height":44,"xoffset":-2,"yoffset":1,"xadvance":42,"chnl":15,"x":0,"y":0,"page":0},{"id":24066,"index":1633,"char":"市","width":44,"height":45,"xoffset":-1,"yoffset":1,"xadvance":42,"chnl":15,"x":47,"y":0,"page":0},{"id":67,"index":41,"char":"C","width":28,"height":37,"xoffset":0,"yoffset":4,"xadvance":28,"chnl":15,"x":92,"y":0,"page":0},{"id":105,"index":79,"char":"i","width":9,"height":37,"xoffset":1,"yoffset":3,"xadvance":11,"chnl":15,"x":92,"y":38,"page":0},{"id":121,"index":95,"char":"y","width":26,"height":37,"xoffset":-2,"yoffset":13,"xadvance":22,"chnl":15,"x":102,"y":38,"page":0},{"id":109,"index":83,"char":"m","width":37,"height":27,"xoffset":2,"yoffset":13,"xadvance":39,"chnl":15,"x":0,"y":45,"page":0},{"id":68,"index":42,"char":"D","width":30,"height":36,"xoffset":2,"yoffset":4,"xadvance":32,"chnl":15,"x":0,"y":76,"page":0},{"id":116,"index":90,"char":"t","width":18,"height":34,"xoffset":-1,"yoffset":7,"xadvance":16,"chnl":15,"x":31,"y":76,"page":0},{"id":101,"index":75,"char":"e","width":24,"height":28,"xoffset":0,"yoffset":13,"xadvance":24,"chnl":15,"x":38,"y":46,"page":0},{"id":111,"index":85,"char":"o","width":27,"height":28,"xoffset":0,"yoffset":13,"xadvance":27,"chnl":15,"x":63,"y":46,"page":0}],"info":{"face":"custom","size":42,"bold":0,"italic":0,"charset":["城","市","C","i","t","y","D","e","m","o"],"unicode":1,"stretchH":100,"smooth":1,"aa":1,"padding":[2,2,2,2],"spacing":[0,0]},"common":{"lineHeight":45,"base":36,"scaleW":128,"scaleH":128,"pages":1,"packed":0,"alphaChnl":0,"redChnl":0,"greenChnl":0,"blueChnl":0},"distanceField":{"fieldType":"msdf","distanceRange":4},"kernings":[{"first":67,"second":67,"amount":-1},{"first":116,"second":101,"amount":0},{"first":116,"second":111,"amount":0},{"first":121,"second":116,"amount":0},{"first":121,"second":101,"amount":0},{"first":121,"second":111,"amount":0}]}